Year,geo_name,geo_code,benes_total_cnt,total_std_payment_per_capita,total_payment_per_capita,rowid
2014,AK,02,84573.0,6523.5,8602.11,1
2014,AK,02,13294.0,8173.27,10572.99,2
2014,AK,02,71279.0,6204.12,8220.55,3
2014,AL,01,994352.0,9365.32,8655.37,4
2014,AL,01,238551.0,9223.15,8561.9,5
2014,AL,01,755801.0,9406.42,8682.4,6
2014,AR,05,614341.0,8745.69,8280.93,7
2014,AR,05,142590.0,8330.85,7972.53,8
2014,AR,05,471751.0,8858.21,8364.58,9
2014,AZ,04,1147495.0,8302.37,8889.6,10
2014,AZ,04,162026.0,9817.1,10610.39,11
2014,AZ,04,985469.0,8115.94,8677.81,12
2014,CA,06,5760925.0,8649.18,10781.54,13
2014,CA,06,762854.0,10072.7,12667.65,14
2014,CA,06,4998071.0,8374.56,10417.67,15
2014,CO,08,794491.0,7818.14,8269.36,16
2014,CO,08,108576.0,8871.31,9449.24,17
2014,CO,08,685915.0,7617.26,8044.31,18
2014,CT,09,650756.0,9322.47,11287.89,19
2014,CT,09,86341.0,10348.41,12453.28,20
2014,CT,09,564415.0,9147.23,11088.83,21
2014,DC,11,90589.0,9673.07,11608.96,22
2014,DC,11,15939.0,12784.19,15604.89,23
2014,DC,11,74650.0,8808.86,10498.96,24
2014,DE,10,182764.0,9177.79,10093.06,25
2014,DE,10,28182.0,10911.98,11973.5,26
2014,DE,10,154582.0,8878.27,9768.28,27
2014,FL,12,4081432.0,10866.29,10969.19,28
2014,FL,12,563109.0,12206.78,12450.26,29
2014,FL,12,3518323.0,10658.53,10739.64,30
2014,GA,13,1549082.0,9280.81,9166.06,31
2014,GA,13,295106.0,10969.97,10866.97,32
2014,GA,13,1253976.0,8868.98,8751.36,33
2014,HI,15,249743.0,6004.77,7248.77,34
2014,HI,15,25303.0,9056.89,10742.26,35
2014,HI,15,224440.0,5612.64,6799.93,36
2014,IA,19,589604.0,7862.27,8035.26,37
2014,IA,19,80565.0,8573.7,8768.43,38
2014,IA,19,509039.0,7747.27,7916.75,39
2014,ID,16,284359.0,7689.05,7857.83,40
2014,ID,16,44162.0,8347.46,8445.34,41
2014,ID,16,240197.0,7552.91,7736.36,42
2014,IL,17,2132736.0,9545.61,10086.55,43
2014,IL,17,311175.0,10809.69,11519.51,44
2014,IL,17,1821561.0,9337.43,9850.56,45
2014,IN,18,1183440.0,9370.22,9442.76,46
2014,IN,18,211969.0,10202.27,10388.02,47
2014,IN,18,971471.0,9180.72,9227.47,48
2014,KS,20,502551.0,9018.68,8850.01,49
2014,KS,20,76879.0,9860.12,9649.42,50
2014,KS,20,425672.0,8862.92,8702.04,51
2014,KY,21,888198.0,9102.52,8891.39,52
2014,KY,21,214988.0,8642.7,8565.95,53
2014,KY,21,673210.0,9266.97,9007.78,54
2014,LA,22,810349.0,10997.31,10514.94,55
2014,LA,22,171921.0,11545.11,11267.17,56
2014,LA,22,638428.0,10831.02,10286.6,57
2014,MA,25,1248444.0,9053.59,10865.59,58
2014,MA,25,215052.0,9132.81,10979.07,59
2014,MA,25,1033392.0,9035.23,10839.3,60
2014,MD,24,953240.0,9393.96,11314.67,61
2014,MD,24,135208.0,12084.93,14875.26,62
2014,MD,24,818032.0,8936.65,10709.58,63
2014,ME,23,314040.0,7872.33,8260.67,64
2014,ME,23,61681.0,7649.0,7977.53,65
2014,ME,23,252359.0,7938.35,8344.37,66
2014,MI,26,1948340.0,9767.46,10288.64,67
2014,MI,26,366383.0,9962.26,10513.41,68
2014,MI,26,1581957.0,9713.35,10226.21,69
2014,MN,27,933686.0,7943.79,8759.82,70
2014,MN,27,131146.0,8695.16,9614.13,71
2014,MN,27,802540.0,7684.26,8464.73,72
2014,MO,29,1169488.0,9183.87,9098.97,73
2014,MO,29,224353.0,10113.95,10137.95,74
2014,MO,29,945135.0,8948.06,8835.54,75
2014,MS,28,575816.0,10188.02,9612.3,76
2014,MS,28,137935.0,10586.6,10141.17,77
2014,MS,28,437881.0,10063.44,9447.01,78
2014,MT,30,204770.0,6898.79,7254.29,79
2014,MT,30,29578.0,7407.27,7739.15,80
2014,MT,30,175192.0,6812.77,7172.27,81
2014,NC,37,1804276.0,8697.62,8805.07,82
2014,NC,37,337535.0,9767.32,9987.13,83
2014,NC,37,1466741.0,8425.13,8503.95,84
2014,ND,38,121804.0,7982.74,8147.38,85
2014,ND,38,14972.0,8748.52,8855.35,86
2014,ND,38,106832.0,7868.56,8041.82,87
2014,NE,31,321670.0,8493.31,8738.85,88
2014,NE,31,43675.0,9616.05,9869.02,89
2014,NE,31,277995.0,8326.56,8570.99,90
2014,NH,33,269116.0,7829.93,8689.49,91
2014,NH,33,48139.0,7779.86,8647.5,92
2014,NH,33,220977.0,7840.34,8698.23,93
2014,NJ,34,1540510.0,9886.37,11447.5,94
2014,NJ,34,208249.0,11014.27,12764.01,95
2014,NJ,34,1332261.0,9712.38,11244.41,96
2014,NM,35,378861.0,7273.58,7768.34,97
2014,NM,35,66660.0,7871.86,8492.81,98
2014,NM,35,312201.0,7129.53,7593.9,99
2014,NV,32,456431.0,9025.07,9996.92,100
2014,NV,32,64718.0,11148.84,12347.34,101
2014,NV,32,391713.0,8631.14,9560.95,102
2014,NY,36,3443701.0,9174.02,11217.26,103
2014,NY,36,544349.0,9312.72,11250.96,104
2014,NY,36,2899352.0,9143.43,11209.83,105
2014,OH,39,2219993.0,9753.61,9859.92,106
2014,OH,39,372748.0,10447.62,10684.74,107
2014,OH,39,1847245.0,9571.32,9643.27,108
2014,OK,40,700693.0,9605.74,9236.44,109
2014,OK,40,132274.0,10310.62,10072.13,110
2014,OK,40,568419.0,9441.52,9041.75,111
2014,OR,41,764398.0,6871.67,7701.17,112
2014,OR,41,110884.0,7552.98,8441.48,113
2014,OR,41,653514.0,6726.17,7543.07,114
2014,PA,42,2616369.0,9484.6,10020.9,115
2014,PA,42,425084.0,9660.93,10406.59,116
2014,PA,42,2191285.0,9445.97,9936.4,117
2014,PR,72,756555.0,6451.31,5387.44,118
2014,PR,72,186918.0,9878.29,8184.56,119
2014,PR,72,569637.0,5709.36,4781.86,120
2014,RI,44,209541.0,8836.93,10099.72,121
2014,RI,44,37957.0,8616.0,9951.15,122
2014,RI,44,171584.0,8905.44,10145.79,123
2014,SC,45,953629.0,8856.52,8761.51,124
2014,SC,45,181505.0,10036.94,9966.14,125
2014,SC,45,772124.0,8612.03,8512.01,126
2014,SD,46,159626.0,7719.55,8040.45,127
2014,SD,46,19901.0,8815.66,9228.53,128
2014,SD,46,139725.0,7552.28,7859.15,129
2014,TN,47,1267265.0,9419.88,8913.6,130
2014,TN,47,260861.0,10180.29,9760.37,131
2014,TN,47,1006404.0,9238.62,8711.75,132
2014,TX,48,3703369.0,10819.58,10841.14,133
2014,TX,48,602452.0,13137.26,13296.75,134
2014,TX,48,3100917.0,10365.24,10359.76,135
2014,Territory,,0.0,0.0,0.0,136
2014,Territory,,0.0,0.0,0.0,137
2014,Territory,,0.0,0.0,0.0,138
2014,UT,49,350202.0,8253.42,8310.46,139
2014,UT,49,50828.0,8721.7,8607.88,140
2014,UT,49,299374.0,8174.94,8260.61,141
2014,VA,51,1378831.0,8387.06,8550.72,142
2014,VA,51,218034.0,9951.38,10099.05,143
2014,VA,51,1160797.0,8134.26,8300.51,144
2014,VI,,19519.0,4888.58,4972.35,145
2014,VI,,1883.0,6468.06,6775.68,146
2014,VI,,17636.0,4726.94,4787.8,147
2014,VT,50,134317.0,7050.65,8065.07,148
2014,VT,50,23099.0,7174.69,8149.86,149
2014,VT,50,111218.0,7023.59,8046.58,150
2014,WA,53,1206057.0,7386.45,8240.41,151
2014,WA,53,182360.0,7831.28,8688.21,152
2014,WA,53,1023697.0,7299.97,8153.35,153
2014,WI,55,1075232.0,7950.25,8344.66,154
2014,WI,55,165329.0,8565.64,8941.7,155
2014,WI,55,909903.0,7814.58,8213.04,156
2014,WV,54,430942.0,8528.56,8419.58,157
2014,WV,54,98073.0,8140.73,8076.2,158
2014,WV,54,332869.0,8660.79,8536.66,159
2014,WY,56,96812.0,7152.17,7971.9,160
2014,WY,56,13192.0,8207.82,8997.42,161
2014,WY,56,83620.0,6989.45,7813.83,162
2014,ZZ,,0.0,0.0,0.0,163
2014,ZZ,,0.0,0.0,0.0,164
2014,ZZ,,0.0,0.0,0.0,165
2015,AK,02,88678.0,6758.31,8773.75,166
2015,AK,02,13372.0,8508.59,10932.67,167
2015,AK,02,75306.0,6435.31,8375.34,168
2015,AL,01,1015982.0,9786.82,8914.19,169
2015,AL,01,239926.0,9731.09,8895.43,170
2015,AL,01,776056.0,9802.36,8919.42,171
2015,AR,05,624866.0,9113.49,8518.64,172
2015,AR,05,142696.0,8644.91,8162.55,173
2015,AR,05,482170.0,9236.25,8611.93,174
2015,AZ,04,1192191.0,8595.79,9053.62,175
2015,AZ,04,162680.0,10347.64,10985.27,176
2015,AZ,04,1029511.0,8395.75,8833.06,177
2015,CA,06,5939098.0,8956.63,11117.9,178
2015,CA,06,758962.0,10463.35,13110.32,179
2015,CA,06,5180136.0,8674.27,10744.51,180
2015,CO,08,826793.0,8072.09,8447.13,181
2015,CO,08,109185.0,9287.44,9788.01,182
2015,CO,08,717608.0,7848.73,8200.7,183
2015,CT,09,661709.0,9684.82,11506.01,184
2015,CT,09,86689.0,10623.62,12540.18,185
2015,CT,09,575020.0,9525.03,11329.99,186
2015,DC,11,92585.0,9881.52,11678.4,187
2015,DC,11,16018.0,13061.22,15653.11,188
2015,DC,11,76567.0,9028.7,10612.35,189
2015,DE,10,189247.0,9414.29,10174.36,190
2015,DE,10,28424.0,11215.45,12069.5,191
2015,DE,10,160823.0,9113.34,9857.7,192
2015,FL,12,4224788.0,11078.29,11033.64,193
2015,FL,12,574427.0,12451.91,12545.97,194
2015,FL,12,3650361.0,10872.21,10806.76,195
2015,GA,13,1602402.0,9606.04,9342.39,196
2015,GA,13,298291.0,11382.44,11093.76,197
2015,GA,13,1304111.0,9187.8,8930.03,198
2015,HI,15,257417.0,6265.55,7583.08,199
2015,HI,15,25120.0,9931.76,11933.89,200
2015,HI,15,232297.0,5816.5,7050.18,201
2015,IA,19,601118.0,8187.82,8330.4,202
2015,IA,19,80694.0,9071.19,9241.84,203
2015,IA,19,520424.0,8047.98,8186.11,204
2015,ID,16,295917.0,7946.34,7995.51,205
2015,ID,16,44943.0,8724.39,8660.27,206
2015,ID,16,250974.0,7790.31,7862.2,207
2015,IL,17,2173039.0,9739.27,10182.34,208
2015,IL,17,310032.0,11089.0,11707.31,209
2015,IL,17,1863007.0,9516.72,9930.9,210
2015,IN,18,1210639.0,9672.35,9661.67,211
2015,IN,18,214338.0,10505.71,10550.16,212
2015,IN,18,996301.0,9483.03,9459.82,213
2015,KS,20,512903.0,9357.49,9074.01,214
2015,KS,20,76791.0,10227.24,9871.61,215
2015,KS,20,436112.0,9201.07,8930.56,216
2015,KY,21,905246.0,9425.76,9098.84,217
2015,KY,21,213829.0,9064.0,8842.82,218
2015,KY,21,691417.0,9550.36,9187.02,219
2015,LA,22,830835.0,11265.53,10656.21,220
2015,LA,22,173299.0,11937.76,11515.91,221
2015,LA,22,657536.0,11068.88,10404.73,222
2015,MA,25,1278414.0,9325.27,11188.72,223
2015,MA,25,216757.0,9317.83,11232.83,224
2015,MA,25,1061657.0,9327.03,11178.23,225
2015,MD,24,980228.0,9526.76,11582.94,226
2015,MD,24,136728.0,11991.56,15032.27,227
2015,MD,24,843500.0,9114.52,11006.04,228
2015,ME,23,321446.0,8214.41,8597.99,229
2015,ME,23,61760.0,8055.47,8384.22,230
2015,ME,23,259686.0,8261.25,8660.99,231
2015,MI,26,1991003.0,10011.31,10425.35,232
2015,MI,26,368052.0,10218.05,10628.98,233
2015,MI,26,1622951.0,9957.39,10372.24,234
2015,MN,27,959696.0,8322.99,9133.73,235
2015,MN,27,131967.0,9022.43,9900.6,236
2015,MN,27,827729.0,8073.52,8860.21,237
2015,MO,29,1193386.0,9447.99,9271.97,238
2015,MO,29,225641.0,10420.86,10343.56,239
2015,MO,29,967745.0,9204.08,9003.33,240
2015,MS,28,586938.0,10633.4,9874.25,241
2015,MS,28,137329.0,10930.66,10308.89,242
2015,MS,28,449609.0,10543.41,9742.69,243
2015,MT,30,211460.0,7251.19,7595.59,244
2015,MT,30,29546.0,7738.27,8083.41,245
2015,MT,30,181914.0,7171.04,7515.32,246
2015,NC,37,1858180.0,9048.27,9043.09,247
2015,NC,37,338919.0,10256.57,10333.96,248
2015,NC,37,1519261.0,8750.98,8725.47,249
2015,ND,38,124193.0,8173.37,8328.37,250
2015,ND,38,14960.0,9220.9,9241.12,251
2015,ND,38,109233.0,8017.68,8192.7,252
2015,NE,31,330288.0,8941.52,9139.48,253
2015,NE,31,44582.0,9828.1,9980.27,254
2015,NE,31,285706.0,8811.51,9016.18,255
2015,NH,33,277055.0,8012.94,8870.05,256
2015,NH,33,48915.0,8015.8,8891.5,257
2015,NH,33,228140.0,8012.36,8865.65,258
2015,NJ,34,1569133.0,10084.51,11672.67,259
2015,NJ,34,208577.0,11085.0,12869.78,260
2015,NJ,34,1360556.0,9929.39,11487.07,261
2015,NM,35,390962.0,7501.07,7868.94,262
2015,NM,35,67358.0,8018.04,8465.26,263
2015,NM,35,323604.0,7382.86,7732.58,264
2015,NV,32,477218.0,9253.09,10183.94,265
2015,NV,32,66563.0,11619.78,12763.88,266
2015,NV,32,410655.0,8830.45,9723.22,267
2015,NY,36,3509368.0,9494.81,11449.08,268
2015,NY,36,543169.0,9624.64,11434.14,269
2015,NY,36,2966199.0,9466.95,11452.28,270
2015,OH,39,2266485.0,9692.87,9698.14,271
2015,OH,39,376203.0,10135.92,10229.38,272
2015,OH,39,1890282.0,9587.56,9571.86,273
2015,OK,40,714649.0,10103.12,9621.01,274
2015,OK,40,132687.0,10852.6,10438.75,275
2015,OK,40,581962.0,9932.19,9434.51,276
2015,OR,41,793206.0,7222.37,8067.03,277
2015,OR,41,112228.0,7934.76,8848.41,278
2015,OR,41,680978.0,7074.1,7904.4,279
2015,PA,42,2661938.0,9755.77,10233.86,280
2015,PA,42,426731.0,10080.68,10773.65,281
2015,PA,42,2235207.0,9686.25,10118.36,282
2015,PR,72,765207.0,6796.46,5541.22,283
2015,PR,72,184390.0,11083.59,8903.84,284
2015,PR,72,580817.0,5872.75,4816.69,285
2015,RI,44,213357.0,9067.78,10332.37,286
2015,RI,44,38180.0,8915.35,10315.38,287
2015,RI,44,175177.0,9112.57,10337.37,288
2015,SC,45,987819.0,9069.49,8826.64,289
2015,SC,45,182532.0,10276.62,10042.8,290
2015,SC,45,805287.0,8830.79,8586.15,291
2015,SD,46,164087.0,8067.75,8373.78,292
2015,SD,46,19973.0,9531.34,9873.73,293
2015,SD,46,144114.0,7846.07,8146.6,294
2015,TN,47,1298123.0,9735.87,9077.7,295
2015,TN,47,261932.0,10584.26,9925.65,296
2015,TN,47,1036191.0,9543.68,8885.61,297
2015,TX,48,3829645.0,11077.63,10955.09,298
2015,TX,48,606476.0,13435.67,13394.6,299
2015,TX,48,3223169.0,10643.8,10506.28,300
2015,Territory,,0.0,0.0,0.0,301
2015,Territory,,0.0,0.0,0.0,302
2015,Territory,,0.0,0.0,0.0,303
2015,UT,49,363569.0,8537.24,8557.33,304
2015,UT,49,51392.0,9299.0,9184.57,305
2015,UT,49,312177.0,8415.95,8457.46,306
2015,VA,51,1418401.0,8655.39,8734.13,307
2015,VA,51,218389.0,10323.89,10353.08,308
2015,VA,51,1200012.0,8397.41,8483.81,309
2015,VI,,20013.0,4841.36,4984.78,310
2015,VI,,1898.0,6339.99,6952.43,311
2015,VI,,18115.0,4691.32,4787.78,312
2015,VT,50,137870.0,7391.22,8416.79,313
2015,VT,50,23034.0,7508.3,8525.03,314
2015,VT,50,114836.0,7366.34,8393.8,315
2015,WA,53,1252610.0,7619.39,8449.59,316
2015,WA,53,184401.0,7963.0,8787.51,317
2015,WA,53,1068209.0,7554.81,8386.08,318
2015,WI,55,1103412.0,8238.42,8585.45,319
2015,WI,55,167244.0,8864.11,9178.98,320
2015,WI,55,936168.0,8099.24,8453.43,321
2015,WV,54,436477.0,8916.66,8719.57,322
2015,WV,54,96482.0,8449.46,8298.92,323
2015,WV,54,339995.0,9069.61,8857.28,324
2015,WY,56,100001.0,7565.03,8406.58,325
2015,WY,56,13333.0,8702.92,9519.8,326
2015,WY,56,86668.0,7393.56,8238.82,327
2015,ZZ,,0.0,0.0,0.0,328
2015,ZZ,,0.0,0.0,0.0,329
2015,ZZ,,0.0,0.0,0.0,330
2016,AK,02,92923.0,6846.57,9209.86,331
2016,AK,02,13391.0,9067.85,12095.23,332
2016,AK,02,79532.0,6457.88,8704.97,333
2016,AL,01,1035191.0,9888.06,9015.9,334
2016,AL,01,238045.0,9986.18,9088.34,335
2016,AL,01,797146.0,9861.64,8996.39,336
2016,AR,05,634739.0,9304.23,8666.28,337
2016,AR,05,142267.0,9021.82,8440.72,338
2016,AR,05,492472.0,9376.13,8723.71,339
2016,AZ,04,1235820.0,8692.03,9196.92,340
2016,AZ,04,161667.0,10687.83,11365.09,341
2016,AZ,04,1074153.0,8478.35,8964.79,342
2016,CA,06,6095984.0,9163.91,11481.52,343
2016,CA,06,745269.0,10808.98,13684.8,344
2016,CA,06,5350715.0,8863.82,11079.59,345
2016,CO,08,857579.0,8158.13,8556.63,346
2016,CO,08,108417.0,9572.99,10105.35,347
2016,CO,08,749162.0,7910.47,8285.54,348
2016,CT,09,672511.0,9733.02,11621.37,349
2016,CT,09,86199.0,10956.02,12988.46,350
2016,CT,09,586312.0,9530.02,11394.46,351
2016,DC,11,94123.0,10079.3,11864.13,352
2016,DC,11,15941.0,13382.23,16033.76,353
2016,DC,11,78182.0,9235.87,10799.39,354
2016,DE,10,195642.0,9449.39,10288.22,355
2016,DE,10,28394.0,11609.32,12583.34,356
2016,DE,10,167248.0,9099.43,9916.36,357
2016,FL,12,4355007.0,11040.65,11015.13,358
2016,FL,12,574978.0,12637.84,12691.31,359
2016,FL,12,3780029.0,10813.84,10777.11,360
2016,GA,13,1651904.0,9639.43,9398.68,361
2016,GA,13,297755.0,11548.41,11256.25,362
2016,GA,13,1354149.0,9209.72,8980.55,363
2016,HI,15,264207.0,6441.13,7743.52,364
2016,HI,15,24674.0,10942.23,13083.02,365
2016,HI,15,239533.0,5920.09,7125.43,366
2016,IA,19,614453.0,8184.74,8300.79,367
2016,IA,19,80916.0,9264.64,9385.63,368
2016,IA,19,533537.0,8013.54,8128.8,369
2016,ID,16,308167.0,8013.91,8058.18,370
2016,ID,16,45342.0,8829.89,8748.18,371
2016,ID,16,262825.0,7857.49,7925.91,372
2016,IL,17,2212951.0,9894.28,10375.32,373
2016,IL,17,306714.0,11546.68,12152.69,374
2016,IL,17,1906237.0,9621.69,10082.11,375
2016,IN,18,1237603.0,9692.45,9666.27,376
2016,IN,18,214379.0,10616.01,10593.29,377
2016,IN,18,1023224.0,9487.98,9461.04,378
2016,KS,20,523621.0,9438.49,9124.55,379
2016,KS,20,76116.0,10470.52,10042.9,380
2016,KS,20,447505.0,9259.36,8965.15,381
2016,KY,21,922288.0,9470.02,9165.73,382
2016,KY,21,211296.0,9057.49,8833.02,383
2016,KY,21,710992.0,9605.29,9274.83,384
2016,LA,22,851190.0,11399.54,10742.29,385
2016,LA,22,172725.0,12330.48,11792.14,386
2016,LA,22,678465.0,11141.71,10451.53,387
2016,MA,25,1304985.0,9411.32,11283.25,388
2016,MA,25,216146.0,9654.81,11619.2,389
2016,MA,25,1088839.0,9353.24,11203.1,390
2016,MD,24,1006621.0,9559.97,11549.6,391
2016,MD,24,136868.0,12124.59,15032.77,392
2016,MD,24,869753.0,9141.69,10981.51,393
2016,ME,23,328711.0,8390.1,8741.46,394
2016,ME,23,61303.0,8400.25,8641.44,395
2016,ME,23,267408.0,8387.16,8770.44,396
2016,MI,26,2033388.0,9996.65,10446.77,397
2016,MI,26,365396.0,10434.3,10849.07,398
2016,MI,26,1667992.0,9885.32,10344.44,399
2016,MN,27,986969.0,8451.51,9258.47,400
2016,MN,27,131037.0,9331.73,10228.77,401
2016,MN,27,855932.0,8134.29,8908.78,402
2016,MO,29,1216431.0,9520.99,9318.05,403
2016,MO,29,224192.0,10741.18,10587.35,404
2016,MO,29,992239.0,9226.14,9011.33,405
2016,MS,28,597070.0,10704.58,9908.12,406
2016,MS,28,135690.0,11308.69,10599.51,407
2016,MS,28,461380.0,10529.81,9708.1,408
2016,MT,30,218696.0,7395.9,7773.61,409
2016,MT,30,29391.0,7991.87,8352.69,410
2016,MT,30,189305.0,7301.25,7681.65,411
2016,NC,37,1909894.0,9064.94,9100.68,412
2016,NC,37,336340.0,10340.34,10434.13,413
2016,NC,37,1573554.0,8766.0,8788.12,414
2016,ND,38,127083.0,8319.36,8532.38,415
2016,ND,38,14877.0,9366.03,9454.73,416
2016,ND,38,112206.0,8164.66,8396.05,417
2016,NE,31,338038.0,9025.09,9129.28,418
2016,NE,31,44316.0,10166.36,10136.42,419
2016,NE,31,293722.0,8864.58,8987.65,420
2016,NH,33,285643.0,8176.62,8997.68,421
2016,NH,33,49242.0,8443.66,9267.5,422
2016,NH,33,236401.0,8123.21,8943.71,423
2016,NJ,34,1597276.0,10185.05,11874.7,424
2016,NJ,34,207630.0,11457.36,13409.32,425
2016,NJ,34,1389646.0,9994.93,11645.38,426
2016,NM,35,403105.0,7711.43,8027.86,427
2016,NM,35,67185.0,8638.65,9005.99,428
2016,NM,35,335920.0,7512.12,7817.6,429
2016,NV,32,496161.0,9346.52,10325.39,430
2016,NV,32,67143.0,11781.9,13001.24,431
2016,NV,32,429018.0,8928.42,9866.02,432
2016,NY,36,3570148.0,9670.62,11761.66,433
2016,NY,36,537144.0,10041.58,12001.95,434
2016,NY,36,3033004.0,9594.98,11712.66,435
2016,OH,39,2312888.0,9732.6,9776.56,436
2016,OH,39,375668.0,10493.74,10576.91,437
2016,OH,39,1937220.0,9574.43,9610.24,438
2016,OK,40,727451.0,10277.87,9765.54,439
2016,OK,40,131411.0,10934.69,10457.73,440
2016,OK,40,596040.0,10132.84,9612.69,441
2016,OR,41,820501.0,7281.85,8208.82,442
2016,OR,41,112342.0,8155.17,9177.84,443
2016,OR,41,708159.0,7106.99,8014.79,444
2016,PA,42,2707567.0,9714.22,10222.63,445
2016,PA,42,423421.0,10300.17,11023.32,446
2016,PA,42,2284146.0,9594.76,10059.39,447
2016,PR,72,771489.0,6831.11,5614.53,448
2016,PR,72,177834.0,11382.7,9109.22,449
2016,PR,72,593655.0,5898.1,4898.16,450
2016,RI,44,217264.0,8907.4,10175.91,451
2016,RI,44,38194.0,8674.85,10053.73,452
2016,RI,44,179070.0,8965.99,10206.69,453
2016,SC,45,1019854.0,9014.31,8776.22,454
2016,SC,45,181011.0,10432.96,10136.72,455
2016,SC,45,838843.0,8745.14,8518.08,456
2016,SD,46,168903.0,8159.05,8492.89,457
2016,SD,46,19993.0,10078.93,10537.66,458
2016,SD,46,148910.0,7870.61,8185.68,459
2016,TN,47,1327502.0,9749.3,9124.47,460
2016,TN,47,259467.0,10788.56,10094.97,461
2016,TN,47,1068035.0,9529.89,8919.58,462
2016,TX,48,3950816.0,11214.42,11081.25,463
2016,TX,48,603849.0,13903.18,13818.18,464
2016,TX,48,3346967.0,10742.85,10601.23,465
2016,Territory,,0.0,0.0,0.0,466
2016,Territory,,0.0,0.0,0.0,467
2016,Territory,,0.0,0.0,0.0,468
2016,UT,49,376643.0,8558.37,8635.5,469
2016,UT,49,51276.0,9711.9,9613.87,470
2016,UT,49,325367.0,8384.27,8487.84,471
2016,VA,51,1456665.0,8760.89,8879.26,472
2016,VA,51,217128.0,10622.55,10680.25,473
2016,VA,51,1239537.0,8486.91,8614.21,474
2016,VI,,20459.0,4713.54,5192.61,475
2016,VI,,1845.0,6030.31,6571.43,476
2016,VI,,18614.0,4588.59,5061.78,477
2016,VT,50,141832.0,7540.94,8540.27,478
2016,VT,50,23081.0,7806.99,8767.56,479
2016,VT,50,118751.0,7486.18,8493.48,480
2016,WA,53,1296345.0,7680.17,8602.3,481
2016,WA,53,184445.0,8073.4,8978.08,482
2016,WA,53,1111900.0,7609.36,8534.63,483
2016,WI,55,1133665.0,8247.74,8560.36,484
2016,WI,55,167528.0,9242.71,9483.88,485
2016,WI,55,966137.0,8033.97,8361.94,486
2016,WV,54,441957.0,9070.55,8881.45,487
2016,WV,54,94471.0,8883.75,8695.23,488
2016,WV,54,347486.0,9129.2,8939.91,489
2016,WY,56,103425.0,7680.36,8542.13,490
2016,WY,56,13339.0,9182.69,10057.89,491
2016,WY,56,90086.0,7462.28,8322.1,492
2016,ZZ,,0.0,0.0,0.0,493
2016,ZZ,,0.0,0.0,0.0,494
2016,ZZ,,0.0,0.0,0.0,495
2017,AK,02,96894.0,7056.99,9552.73,496
2017,AK,02,13207.0,9558.41,12861.86,497
2017,AK,02,83687.0,6643.71,9006.01,498
2017,AL,01,1052701.0,10395.08,9454.96,499
2017,AL,01,235154.0,10190.18,9269.14,500
2017,AL,01,817547.0,10454.87,9509.18,501
2017,AR,05,643893.0,9666.04,8994.13,502
2017,AR,05,141163.0,9355.52,8734.09,503
2017,AR,05,502730.0,9741.28,9057.14,504
2017,AZ,04,1280345.0,8925.76,9540.85,505
2017,AZ,04,160825.0,10836.81,11637.86,506
2017,AZ,04,1119520.0,8734.83,9331.33,507
2017,CA,06,6245841.0,9429.77,11850.97,508
2017,CA,06,727353.0,11279.95,14311.4,509
2017,CA,06,5518488.0,9108.5,11423.73,510
2017,CO,08,888933.0,8415.9,8896.53,511
2017,CO,08,106882.0,10008.91,10599.41,512
2017,CO,08,782051.0,8154.8,8617.42,513
2017,CT,09,685365.0,9963.87,11898.21,514
2017,CT,09,85669.0,11296.29,13360.17,515
2017,CT,09,599696.0,9749.63,11663.14,516
2017,DC,11,95415.0,10295.79,12118.82,517
2017,DC,11,15753.0,14000.88,16829.14,518
2017,DC,11,79662.0,9415.79,11000.06,519
2017,DE,10,202288.0,9506.17,10415.43,520
2017,DE,10,28188.0,11511.34,12528.31,521
2017,DE,10,174100.0,9204.67,10097.74,522
2017,FL,12,4482799.0,11186.14,11166.23,523
2017,FL,12,572528.0,12939.22,13013.38,524
2017,FL,12,3910271.0,10952.04,10919.56,525
2017,GA,13,1700783.0,9919.99,9699.55,526
2017,GA,13,296894.0,11988.33,11683.92,527
2017,GA,13,1403889.0,9474.72,9272.36,528
2017,HI,15,271605.0,6675.06,7996.35,529
2017,HI,15,24311.0,11163.91,13198.55,530
2017,HI,15,247294.0,6184.09,7427.37,531
2017,IA,19,627084.0,8506.05,8622.96,532
2017,IA,19,80660.0,9661.39,9736.17,533
2017,IA,19,546424.0,8330.29,8453.61,534
2017,ID,16,320592.0,8156.96,8206.4,535
2017,ID,16,45388.0,8936.32,8869.0,536
2017,ID,16,275204.0,8014.25,8085.06,537
2017,IL,17,2252496.0,10118.76,10645.58,538
2017,IL,17,302773.0,11812.36,12459.79,539
2017,IL,17,1949723.0,9846.89,10354.34,540
2017,IN,18,1262908.0,9841.4,9864.74,541
2017,IN,18,212785.0,10836.29,10901.3,542
2017,IN,18,1050123.0,9630.55,9645.06,543
2017,KS,20,535130.0,9777.67,9467.88,544
2017,KS,20,75539.0,10823.8,10411.64,545
2017,KS,20,459591.0,9606.49,9313.44,546
2017,KY,21,936714.0,9811.0,9544.62,547
2017,KY,21,208235.0,9540.99,9333.18,548
2017,KY,21,728479.0,9894.88,9610.3,549
2017,LA,22,868977.0,11539.09,10914.25,550
2017,LA,22,171089.0,12623.54,12081.1,551
2017,LA,22,697888.0,11254.1,10607.6,552
2017,MA,25,1334803.0,9590.56,11455.82,553
2017,MA,25,213804.0,9815.11,11741.37,554
2017,MA,25,1120999.0,9539.72,11391.17,555
2017,MD,24,1032279.0,9805.56,11969.85,556
2017,MD,24,135820.0,12386.76,15591.08,557
2017,MD,24,896459.0,9394.97,11393.82,558
2017,ME,23,336446.0,8610.68,9011.01,559
2017,ME,23,60434.0,8686.56,8947.92,560
2017,ME,23,276012.0,8589.16,9028.91,561
2017,MI,26,2072824.0,10102.89,10568.06,562
2017,MI,26,360807.0,10529.31,10947.55,563
2017,MI,26,1712017.0,9997.89,10474.62,564
2017,MN,27,1012838.0,8719.05,9589.02,565
2017,MN,27,129489.0,9616.14,10575.45,566
2017,MN,27,883349.0,8400.44,9238.68,567
2017,MO,29,1237806.0,9827.81,9606.58,568
2017,MO,29,221151.0,11141.27,10953.96,569
2017,MO,29,1016655.0,9523.91,9294.83,570
2017,MS,28,606549.0,10998.49,10174.59,571
2017,MS,28,133787.0,11681.3,10919.98,572
2017,MS,28,472762.0,10809.81,9968.62,573
2017,MT,30,225947.0,7650.58,8068.8,574
2017,MT,30,28942.0,8309.35,8701.66,575
2017,MT,30,197005.0,7550.66,7972.81,576
2017,NC,37,1961846.0,9297.85,9334.55,577
2017,NC,37,333638.0,10634.91,10731.09,578
2017,NC,37,1628208.0,8998.21,9021.58,579
2017,ND,38,130344.0,8672.24,8962.66,580
2017,ND,38,14846.0,9945.07,10012.33,581
2017,ND,38,115498.0,8494.53,8816.1,582
2017,NE,31,345867.0,9265.75,9451.73,583
2017,NE,31,43707.0,10457.13,10514.37,584
2017,NE,31,302160.0,9107.24,9310.35,585
2017,NH,33,294240.0,8376.97,9296.9,586
2017,NH,33,49171.0,8517.51,9462.51,587
2017,NH,33,245069.0,8349.8,9264.88,588
2017,NJ,34,1626034.0,10400.62,12158.45,589
2017,NJ,34,205359.0,11721.45,13708.78,590
2017,NJ,34,1420675.0,10211.81,11936.83,591
2017,NM,35,415222.0,7931.46,8243.2,592
2017,NM,35,67245.0,9033.74,9418.25,593
2017,NM,35,347977.0,7710.23,8007.38,594
2017,NV,32,515647.0,9646.18,10657.57,595
2017,NV,32,67763.0,12364.33,13703.08,596
2017,NV,32,447884.0,9197.63,10155.0,597
2017,NY,36,3639620.0,10003.87,12141.35,598
2017,NY,36,530781.0,10432.2,12463.11,599
2017,NY,36,3108839.0,9919.73,12078.14,600
2017,OH,39,2356849.0,10017.65,10043.69,601
2017,OH,39,372561.0,10860.11,10911.68,602
2017,OH,39,1984288.0,9853.53,9874.6,603
2017,OK,40,740657.0,10661.32,10222.46,604
2017,OK,40,130610.0,11432.41,11033.87,605
2017,OK,40,610047.0,10496.79,10049.32,606
2017,OR,41,845401.0,7503.93,8450.79,607
2017,OR,41,111067.0,8465.71,9472.97,608
2017,OR,41,734334.0,7318.42,8253.63,609
2017,PA,42,2753347.0,9884.28,10439.02,610
2017,PA,42,418755.0,10575.49,11367.49,611
2017,PA,42,2334592.0,9749.57,10258.08,612
2017,PR,72,757231.0,6523.91,5566.52,613
2017,PR,72,166262.0,11650.53,9507.03,614
2017,PR,72,590969.0,5553.68,4820.77,615
2017,RI,44,221438.0,9098.27,10307.86,616
2017,RI,44,37683.0,8898.03,10078.6,617
2017,RI,44,183755.0,9135.63,10350.63,618
2017,SC,45,1050911.0,9287.79,9071.03,619
2017,SC,45,179309.0,10947.81,10646.95,620
2017,SC,45,871602.0,8992.68,8790.87,621
2017,SD,46,173490.0,8405.77,8739.18,622
2017,SD,46,19867.0,10414.42,10887.09,623
2017,SD,46,153623.0,8116.76,8430.13,624
2017,TN,47,1354945.0,9993.31,9393.25,625
2017,TN,47,256709.0,11223.02,10550.47,626
2017,TN,47,1098236.0,9752.59,9166.73,627
2017,TX,48,4076427.0,11289.97,11187.76,628
2017,TX,48,600319.0,14011.67,13949.79,629
2017,TX,48,3476108.0,10841.77,10732.92,630
2017,Territory,,0.0,0.0,0.0,631
2017,Territory,,0.0,0.0,0.0,632
2017,Territory,,0.0,0.0,0.0,633
2017,UT,49,389726.0,8790.04,8905.9,634
2017,UT,49,50942.0,9779.03,9700.62,635
2017,UT,49,338784.0,8648.38,8792.06,636
2017,VA,51,1494571.0,8995.71,9120.39,637
2017,VA,51,215635.0,10769.68,10839.96,638
2017,VA,51,1278936.0,8741.96,8874.41,639
2017,VI,,20447.0,4690.69,5186.0,640
2017,VI,,1717.0,6105.22,6612.11,641
2017,VI,,18730.0,4566.27,5060.57,642
2017,VT,50,145641.0,7669.66,8732.87,643
2017,VT,50,22962.0,8003.71,9073.06,644
2017,VT,50,122679.0,7602.71,8664.69,645
2017,WA,53,1338611.0,7885.32,8784.65,646
2017,WA,53,182468.0,8458.56,9321.24,647
2017,WA,53,1156143.0,7787.59,8693.17,648
2017,WI,55,1162224.0,8416.52,8769.93,649
2017,WI,55,167067.0,9401.73,9674.61,650
2017,WI,55,995157.0,8214.72,8584.63,651
2017,WV,54,447065.0,9412.1,9225.94,652
2017,WV,54,92429.0,9138.08,8918.89,653
2017,WV,54,354636.0,9495.0,9318.84,654
2017,WY,56,107081.0,7833.1,8715.26,655
2017,WY,56,13367.0,9449.8,10195.39,656
2017,WY,56,93714.0,7607.38,8508.61,657
2017,ZZ,,0.0,0.0,0.0,658
2017,ZZ,,0.0,0.0,0.0,659
2017,ZZ,,0.0,0.0,0.0,660
2018,AK,02,101382.0,7489.72,9986.29,661
2018,AK,02,13094.0,10254.74,13536.34,662
2018,AK,02,88288.0,7059.95,9434.5,663
2018,AL,01,1076245.0,10752.74,9813.12,664
2018,AL,01,232483.0,10665.83,9772.76,665
2018,AL,01,843762.0,10776.4,9824.12,666
2018,AR,05,657063.0,10063.19,9382.98,667
2018,AR,05,140298.0,9969.93,9331.27,668
2018,AR,05,516765.0,10084.29,9394.68,669
2018,AZ,04,1329800.0,9145.03,9625.67,670
2018,AZ,04,160358.0,11236.32,11949.95,671
2018,AZ,04,1169442.0,8951.12,9410.16,672
2018,CA,06,6418955.0,9832.7,12252.11,673
2018,CA,06,711831.0,11858.64,14904.13,674
2018,CA,06,5707124.0,9496.69,11812.26,675
2018,CO,08,924433.0,8762.62,9213.55,676
2018,CO,08,105486.0,10507.57,11036.04,677
2018,CO,08,818947.0,8499.88,8939.13,678
2018,CT,09,699720.0,10709.66,12636.34,679
2018,CT,09,84971.0,11851.58,13808.28,680
2018,CT,09,614749.0,10504.87,12426.16,681
2018,DC,11,97088.0,10373.01,12208.55,682
2018,DC,11,15521.0,13742.71,16470.43,683
2018,DC,11,81567.0,9608.39,11241.48,684
2018,DE,10,210490.0,9820.37,10770.48,685
2018,DE,10,28191.0,12249.2,13463.56,686
2018,DE,10,182299.0,9475.76,10388.38,687
2018,FL,12,4614726.0,11571.78,11562.38,688
2018,FL,12,569151.0,13573.11,13664.83,689
2018,FL,12,4045575.0,11321.71,11299.68,690
2018,GA,13,1758723.0,10340.65,10177.28,691
2018,GA,13,296462.0,12774.43,12584.93,692
2018,GA,13,1462261.0,9849.22,9691.12,693
2018,HI,15,279644.0,6913.72,8228.5,694
2018,HI,15,23841.0,11705.74,13717.07,695
2018,HI,15,255803.0,6419.64,7662.6,696
2018,IA,19,642756.0,8815.56,8900.34,697
2018,IA,19,81015.0,10225.98,10158.45,698
2018,IA,19,561741.0,8619.33,8725.3,699
2018,ID,16,335256.0,8465.02,8463.81,700
2018,ID,16,45590.0,9290.71,9147.56,701
2018,ID,16,289666.0,8325.06,8347.91,702
2018,IL,17,2300947.0,10524.22,11057.25,703
2018,IL,17,300167.0,12486.53,13122.47,704
2018,IL,17,2000780.0,10223.47,10740.73,705
2018,IN,18,1295139.0,10183.83,10200.43,706
2018,IN,18,212011.0,11420.52,11496.34,707
2018,IN,18,1083128.0,9932.45,9937.01,708
2018,KS,20,549627.0,10158.0,9870.0,709
2018,KS,20,75121.0,11216.35,10824.95,710
2018,KS,20,474506.0,9996.11,9723.93,711
2018,KY,21,956160.0,10150.95,9801.75,712
2018,KY,21,206317.0,9759.03,9468.22,713
2018,KY,21,749843.0,10267.19,9900.67,714
2018,LA,22,892776.0,11949.15,11348.93,715
2018,LA,22,171041.0,13266.87,12844.37,716
2018,LA,22,721735.0,11620.37,10975.8,717
2018,MA,25,1365950.0,10003.37,11930.4,718
2018,MA,25,211065.0,10313.61,12317.7,719
2018,MA,25,1154885.0,9937.01,11847.56,720
2018,MD,24,1062029.0,10100.07,12244.29,721
2018,MD,24,135330.0,12858.16,16081.96,722
2018,MD,24,926699.0,9677.23,11655.93,723
2018,ME,23,346350.0,8845.08,9200.22,724
2018,ME,23,59896.0,8974.29,9222.15,725
2018,ME,23,286454.0,8809.96,9194.26,726
2018,MI,26,2122021.0,10305.15,10690.87,727
2018,MI,26,357325.0,11033.13,11369.85,728
2018,MI,26,1764696.0,10127.21,10524.91,729
2018,MN,27,1044080.0,9107.75,9981.08,730
2018,MN,27,128593.0,10359.55,11375.08,731
2018,MN,27,915487.0,8682.0,9506.96,732
2018,MO,29,1263436.0,10213.71,9993.71,733
2018,MO,29,218695.0,11750.15,11564.23,734
2018,MO,29,1044741.0,9880.98,9653.6,735
2018,MS,28,619848.0,11449.37,10651.18,736
2018,MS,28,132272.0,12349.23,11613.08,737
2018,MS,28,487576.0,11213.38,10398.92,738
2018,MT,30,233836.0,8011.37,8423.2,739
2018,MT,30,28845.0,9179.03,9604.75,740
2018,MT,30,204991.0,7846.61,8256.48,741
2018,NC,37,2021544.0,9575.88,9641.39,742
2018,NC,37,330604.0,11133.46,11238.05,743
2018,NC,37,1690940.0,9255.24,9312.7,744
2018,ND,38,134192.0,8826.74,9043.0,745
2018,ND,38,15037.0,9874.98,9956.14,746
2018,ND,38,119155.0,8684.31,8918.94,747
2018,NE,31,354974.0,9618.89,9814.08,748
2018,NE,31,43800.0,10955.05,10994.15,749
2018,NE,31,311174.0,9458.81,9672.7,750
2018,NH,33,304140.0,8685.59,9737.99,751
2018,NH,33,49088.0,8784.09,9845.57,752
2018,NH,33,255052.0,8667.44,9718.17,753
2018,NJ,34,1661111.0,10772.04,12546.29,754
2018,NJ,34,204067.0,12245.13,14217.05,755
2018,NJ,34,1457044.0,10572.97,12320.5,756
2018,NM,35,429014.0,8109.71,8403.63,757
2018,NM,35,67341.0,9333.53,9692.37,758
2018,NM,35,361673.0,7878.19,8159.83,759
2018,NV,32,536704.0,9969.85,11050.74,760
2018,NV,32,67911.0,13183.68,14661.53,761
2018,NV,32,468793.0,9471.62,10490.96,762
2018,NY,36,3727628.0,10425.49,12580.86,763
2018,NY,36,526622.0,11010.92,13057.43,764
2018,NY,36,3201006.0,10315.85,12491.61,765
2018,OH,39,2409155.0,10297.38,10306.2,766
2018,OH,39,371190.0,11102.46,11116.58,767
2018,OH,39,2037965.0,10149.69,10157.54,768
2018,OK,40,759437.0,11131.79,10712.67,769
2018,OK,40,130747.0,11967.36,11564.33,770
2018,OK,40,628690.0,10961.71,10539.31,771
2018,OR,41,876116.0,7811.53,8717.81,772
2018,OR,41,110885.0,9061.95,10041.9,773
2018,OR,41,765231.0,7580.84,8473.53,774
2018,PA,42,2813225.0,10145.47,10699.49,775
2018,PA,42,416728.0,11212.25,12016.74,776
2018,PA,42,2396497.0,9949.42,10457.41,777
2018,PR,72,765990.0,7316.23,6412.77,778
2018,PR,72,161518.0,13471.93,11259.77,779
2018,PR,72,604472.0,6196.32,5530.95,780
2018,RI,44,226533.0,9259.58,10369.28,781
2018,RI,44,37355.0,8962.87,10062.39,782
2018,RI,44,189178.0,9311.37,10422.84,783
2018,SC,45,1088543.0,9616.65,9386.72,784
2018,SC,45,178659.0,11536.44,11199.62,785
2018,SC,45,909884.0,9300.98,9088.63,786
2018,SD,46,179369.0,8774.65,9050.01,787
2018,SD,46,19909.0,10899.15,11237.32,788
2018,SD,46,159460.0,8484.35,8751.13,789
2018,TN,47,1389700.0,10214.41,9623.91,790
2018,TN,47,254584.0,11505.54,10833.76,791
2018,TN,47,1135116.0,9982.51,9406.61,792
2018,TX,48,4226539.0,11637.98,11643.17,793
2018,TX,48,600475.0,14764.39,14889.74,794
2018,TX,48,3626064.0,11146.41,11132.7,795
2018,Territory,,0.0,0.0,0.0,796
2018,Territory,,0.0,0.0,0.0,797
2018,Territory,,0.0,0.0,0.0,798
2018,UT,49,405363.0,9109.25,9270.26,799
2018,UT,49,50846.0,10221.32,10152.6,800
2018,UT,49,354517.0,8956.11,9148.75,801
2018,VA,51,1540865.0,9331.57,9470.31,802
2018,VA,51,215793.0,11048.82,11115.06,803
2018,VA,51,1325072.0,9085.68,9234.79,804
2018,VI,,20477.0,4993.49,5396.12,805
2018,VI,,1663.0,6616.6,7267.06,806
2018,VI,,18814.0,4856.27,5237.96,807
2018,VT,50,150295.0,7716.87,9061.94,808
2018,VT,50,22908.0,8191.79,9655.86,809
2018,VT,50,127387.0,7624.8,8946.8,810
2018,WA,53,1383859.0,8154.52,9006.17,811
2018,WA,53,181343.0,8913.25,9718.29,812
2018,WA,53,1202516.0,8033.4,8892.5,813
2018,WI,55,1198101.0,8769.85,9082.15,814
2018,WI,55,167141.0,10052.62,10264.53,815
2018,WI,55,1030960.0,8520.42,8852.24,816
2018,WV,54,454362.0,9862.35,9663.01,817
2018,WV,54,91270.0,9680.76,9439.55,818
2018,WV,54,363092.0,9915.82,9728.82,819
2018,WY,56,111731.0,8207.65,9206.93,820
2018,WY,56,13727.0,9675.93,10676.76,821
2018,WY,56,98004.0,8007.92,9006.98,822
2018,ZZ,,0.0,0.0,0.0,823
2018,ZZ,,0.0,0.0,0.0,824
2018,ZZ,,0.0,0.0,0.0,825
2019,AK,02,105693.0,7643.03,9988.62,826
2019,AK,02,12898.0,10455.05,13689.99,827
2019,AK,02,92795.0,7233.43,9449.47,828
2019,AL,01,1095425.0,11178.19,10338.38,829
2019,AL,01,227472.0,11294.67,10449.1,830
2019,AL,01,867953.0,11149.36,10310.98,831
2019,AR,05,666885.0,10518.93,9841.44,832
2019,AR,05,137587.0,10508.76,9873.89,833
2019,AR,05,529298.0,10521.04,9834.69,834
2019,AZ,04,1384678.0,9476.69,10001.05,835
2019,AZ,04,158130.0,11401.62,12158.19,836
2019,AZ,04,1226548.0,9307.1,9811.01,837
2019,CA,06,6574726.0,10219.52,12857.87,838
2019,CA,06,688601.0,12503.16,15818.44,839
2019,CA,06,5886125.0,9862.33,12394.8,840
2019,CO,08,955018.0,9035.2,9540.08,841
2019,CO,08,102160.0,10776.58,11325.91,842
2019,CO,08,852858.0,8783.56,9282.03,843
2019,CT,09,713025.0,11165.18,13202.28,844
2019,CT,09,83432.0,12469.06,14605.51,845
2019,CT,09,629593.0,10939.44,12959.32,846
2019,DC,11,98370.0,10607.36,12475.03,847
2019,DC,11,15137.0,14272.43,17146.91,848
2019,DC,11,83233.0,9841.12,11498.31,849
2019,DE,10,217772.0,10166.3,11145.19,850
2019,DE,10,27857.0,12584.39,13735.1,851
2019,DE,10,189915.0,9849.89,10806.29,852
2019,FL,12,4760143.0,11914.66,12021.57,853
2019,FL,12,561273.0,14181.1,14410.66,854
2019,FL,12,4198870.0,11652.45,11745.16,855
2019,GA,13,1810948.0,10765.91,10766.47,856
2019,GA,13,292437.0,13473.1,13444.38,857
2019,GA,13,1518511.0,10264.53,10270.52,858
2019,HI,15,286844.0,7127.67,8592.6,859
2019,HI,15,23187.0,12598.0,14866.26,860
2019,HI,15,263657.0,6601.59,7989.25,861
2019,IA,19,655766.0,9157.24,9276.97,862
2019,IA,19,80199.0,10445.86,10391.4,863
2019,IA,19,575567.0,9001.33,9142.14,864
2019,ID,16,349820.0,8580.02,8764.34,865
2019,ID,16,45443.0,9472.44,9544.33,866
2019,ID,16,304377.0,8442.88,8644.47,867
2019,IL,17,2341496.0,10768.18,11386.39,868
2019,IL,17,293127.0,12817.55,13568.15,869
2019,IL,17,2048369.0,10473.69,11072.88,870
2019,IN,18,1322077.0,10568.14,10625.1,871
2019,IN,18,208033.0,12206.62,12342.19,872
2019,IN,18,1114044.0,10268.27,10310.84,873
2019,KS,20,561444.0,10491.64,10259.28,874
2019,KS,20,73441.0,11794.79,11449.05,875
2019,KS,20,488003.0,10308.13,10091.74,876
2019,KY,21,972766.0,10449.08,10168.56,877
2019,KY,21,201597.0,10081.54,9849.58,878
2019,KY,21,771169.0,10548.76,10255.07,879
2019,LA,22,913689.0,12204.39,11740.16,880
2019,LA,22,169164.0,13820.92,13530.1,881
2019,LA,22,744525.0,11833.86,11329.88,882
2019,MA,25,1392632.0,10234.18,12382.52,883
2019,MA,25,206038.0,10518.86,12766.55,884
2019,MA,25,1186594.0,10177.3,12305.8,885
2019,MD,24,1088101.0,10326.62,12584.3,886
2019,MD,24,133382.0,12971.62,16260.48,887
2019,MD,24,954719.0,9936.28,12041.78,888
2019,ME,23,354827.0,9038.54,9684.51,889
2019,ME,23,58643.0,9063.65,9636.85,890
2019,ME,23,296184.0,9032.22,9696.5,891
2019,MI,26,2162655.0,10535.04,10990.91,892
2019,MI,26,349399.0,11352.54,11720.44,893
2019,MI,26,1813256.0,10349.0,10824.89,894
2019,MN,27,1070360.0,9674.67,10582.43,895
2019,MN,27,126415.0,10953.07,11968.56,896
2019,MN,27,943945.0,9388.81,10272.48,897
2019,MO,29,1285579.0,10594.26,10454.27,898
2019,MO,29,213507.0,12184.82,12089.36,899
2019,MO,29,1072072.0,10271.07,10122.03,900
2019,MS,28,630700.0,11905.05,11189.67,901
2019,MS,28,128899.0,12985.73,12314.87,902
2019,MS,28,501801.0,11643.82,10917.69,903
2019,MT,30,241423.0,8195.4,8704.11,904
2019,MT,30,28435.0,9443.28,10014.25,905
2019,MT,30,212988.0,8030.98,8531.49,906
2019,NC,37,2077183.0,9871.33,10075.19,907
2019,NC,37,325424.0,11614.72,11894.33,908
2019,NC,37,1751759.0,9542.26,9731.81,909
2019,ND,38,137782.0,8929.87,9282.53,910
2019,ND,38,15021.0,10352.61,10570.88,911
2019,ND,38,122761.0,8743.98,9114.19,912
2019,NE,31,363021.0,9959.4,10218.96,913
2019,NE,31,43166.0,11224.19,11254.17,914
2019,NE,31,319855.0,9820.12,10104.96,915
2019,NH,33,312827.0,8934.04,10041.79,916
2019,NH,33,48382.0,9055.9,10132.62,917
2019,NH,33,264445.0,8912.13,10025.46,918
2019,NJ,34,1692622.0,11138.44,12997.44,919
2019,NJ,34,199794.0,12552.85,14593.71,920
2019,NJ,34,1492828.0,10949.03,12783.69,921
2019,NM,35,441116.0,8430.15,8806.12,922
2019,NM,35,66404.0,10067.95,10513.84,923
2019,NM,35,374712.0,8140.64,8504.25,924
2019,NV,32,557179.0,10320.47,11452.27,925
2019,NV,32,66565.0,13905.52,15451.01,926
2019,NV,32,490614.0,9814.96,10888.43,927
2019,NY,36,3801343.0,10914.5,13254.21,928
2019,NY,36,516086.0,11457.51,13654.38,929
2019,NY,36,3285257.0,10818.74,13183.63,930
2019,OH,39,2454871.0,10518.61,10599.51,931
2019,OH,39,364488.0,11170.71,11230.56,932
2019,OH,39,2090383.0,10408.78,10493.22,933
2019,OK,40,775679.0,11693.47,11320.53,934
2019,OK,40,129561.0,12829.37,12464.52,935
2019,OK,40,646118.0,11480.76,11106.3,936
2019,OR,41,902871.0,7994.4,9013.26,937
2019,OR,41,109149.0,9211.35,10298.91,938
2019,OR,41,793722.0,7779.58,8786.31,939
2019,PA,42,2862871.0,10337.79,10980.34,940
2019,PA,42,408128.0,11596.74,12485.58,941
2019,PA,42,2454743.0,10121.9,10722.21,942
2019,PR,72,775081.0,7723.68,7049.15,943
2019,PR,72,155833.0,15306.01,13259.17,944
2019,PR,72,619248.0,6435.35,5994.0,945
2019,RI,44,230907.0,9604.7,10616.39,946
2019,RI,44,36587.0,9483.79,10449.22,947
2019,RI,44,194320.0,9624.67,10644.01,948
2019,SC,45,1124041.0,9977.76,9825.24,949
2019,SC,45,176043.0,12080.07,11801.18,950
2019,SC,45,947998.0,9662.65,9529.07,951
2019,SD,46,184176.0,9037.99,9415.63,952
2019,SD,46,19694.0,11412.03,11893.2,953
2019,SD,46,164482.0,8731.53,9095.8,954
2019,TN,47,1421445.0,10512.09,10043.93,955
2019,TN,47,249063.0,12038.39,11456.33,956
2019,TN,47,1172382.0,10264.26,9814.59,957
2019,TX,48,4368416.0,11944.37,12171.49,958
2019,TX,48,592548.0,15410.32,15897.33,959
2019,TX,48,3775868.0,11445.62,11635.35,960
2019,Territory,,0.0,0.0,0.0,961
2019,Territory,,0.0,0.0,0.0,962
2019,Territory,,0.0,0.0,0.0,963
2019,UT,49,420395.0,9413.65,9692.88,964
2019,UT,49,50151.0,10318.62,10481.72,965
2019,UT,49,370244.0,9296.84,9591.06,966
2019,VA,51,1581647.0,9572.35,9794.91,967
2019,VA,51,212490.0,11356.3,11517.68,968
2019,VA,51,1369157.0,9341.0,9571.49,969
2019,VI,,20764.0,4998.05,5627.75,970
2019,VI,,1637.0,6253.59,7269.61,971
2019,VI,,19127.0,4895.71,5493.91,972
2019,VT,50,154044.0,7818.83,9329.7,973
2019,VT,50,22545.0,8197.35,9871.24,974
2019,VT,50,131499.0,7748.77,9229.47,975
2019,WA,53,1426634.0,8310.41,9245.11,976
2019,WA,53,177564.0,9153.18,10037.05,977
2019,WA,53,1249070.0,8185.94,9128.14,978
2019,WI,55,1228636.0,8978.34,9345.05,979
2019,WI,55,164697.0,10240.16,10532.95,980
2019,WI,55,1063939.0,8745.52,9125.87,981
2019,WV,54,458970.0,10220.43,10048.12,982
2019,WV,54,88737.0,9912.67,9645.53,983
2019,WV,54,370233.0,10304.24,10157.76,984
2019,WY,56,115611.0,8438.85,9474.99,985
2019,WY,56,13631.0,9966.79,11101.0,986
2019,WY,56,101980.0,8239.86,9263.23,987
2019,ZZ,,0.0,0.0,0.0,988
2019,ZZ,,0.0,0.0,0.0,989
2019,ZZ,,0.0,0.0,0.0,990
2020,AK,02,109882.0,7109.39,9449.44,991
2020,AK,02,12647.0,9728.27,12722.24,992
2020,AK,02,97235.0,6752.2,9003.07,993
2020,AL,01,1112834.0,10854.21,10317.1,994
2020,AL,01,221177.0,11292.57,10689.32,995
2020,AL,01,891657.0,10756.45,10234.1,996
2020,AR,05,676740.0,10252.13,9723.47,997
2020,AR,05,134782.0,10557.14,10038.69,998
2020,AR,05,541958.0,10194.59,9664.0,999
2020,AZ,04,1432482.0,9032.51,9556.08,1000
2020,AZ,04,155462.0,11779.49,12529.06,1001
2020,AZ,04,1277020.0,8812.77,9318.26,1002
2020,CA,06,6711821.0,9875.98,12608.9,1003
2020,CA,06,662588.0,12523.46,16084.08,1004
2020,CA,06,6049233.0,9487.16,12098.52,1005
2020,CO,08,984092.0,8588.17,9158.71,1006
2020,CO,08,98306.0,10780.4,11453.03,1007
2020,CO,08,885786.0,8303.53,8860.81,1008
2020,CT,09,726542.0,10674.44,12716.35,1009
2020,CT,09,81891.0,12297.87,14503.61,1010
2020,CT,09,644651.0,10409.31,12424.45,1011
2020,DC,11,98781.0,10168.29,12181.56,1012
2020,DC,11,14467.0,14044.97,17140.98,1013
2020,DC,11,84314.0,9417.95,11221.65,1014
2020,DE,10,225795.0,9581.87,10586.38,1015
2020,DE,10,27316.0,12309.15,13532.35,1016
2020,DE,10,198479.0,9256.67,10235.11,1017
2020,FL,12,4892154.0,11405.65,11680.09,1018
2020,FL,12,550083.0,14090.08,14539.4,1019
2020,FL,12,4342071.0,11116.15,11371.72,1020
2020,GA,13,1861084.0,10422.66,10573.29,1021
2020,GA,13,287321.0,13776.22,13885.01,1022
2020,GA,13,1573763.0,9860.21,10017.86,1023
2020,HI,15,293932.0,6658.94,8123.19,1024
2020,HI,15,22386.0,12064.18,14401.76,1025
2020,HI,15,271546.0,6173.86,7559.74,1026
2020,IA,19,668784.0,8919.35,9084.85,1027
2020,IA,19,78912.0,10464.56,10432.33,1028
2020,IA,19,589872.0,8743.21,8931.26,1029
2020,ID,16,364880.0,8269.7,8495.21,1030
2020,ID,16,45168.0,9499.88,9655.17,1031
2020,ID,16,319712.0,8093.55,8329.12,1032
2020,IL,17,2378023.0,10213.08,10912.63,1033
2020,IL,17,285045.0,12428.51,13288.59,1034
2020,IL,17,2092978.0,9912.15,10589.89,1035
2020,IN,18,1347392.0,10213.45,10388.95,1036
2020,IN,18,203141.0,11867.13,12086.17,1037
2020,IN,18,1144251.0,9941.77,10110.11,1038
2020,KS,20,573515.0,10189.49,10082.51,1039
2020,KS,20,71970.0,11812.81,11592.64,1040
2020,KS,20,501545.0,9980.97,9888.54,1041
2020,KY,21,987126.0,9964.98,9799.45,1042
2020,KY,21,195898.0,9775.6,9615.23,1043
2020,KY,21,791228.0,10010.49,9843.72,1044
2020,LA,22,930754.0,12094.87,11713.46,1045
2020,LA,22,165663.0,13955.27,13774.85,1046
2020,LA,22,765091.0,11706.88,11283.54,1047
2020,MA,25,1417832.0,9570.62,11561.63,1048
2020,MA,25,200081.0,10081.67,12172.61,1049
2020,MA,25,1217751.0,9475.63,11448.07,1050
2020,MD,24,1110838.0,9669.05,12108.38,1051
2020,MD,24,130106.0,12837.73,16531.69,1052
2020,MD,24,980732.0,9221.75,11483.98,1053
2020,ME,23,362843.0,8363.42,8956.1,1054
2020,ME,23,57021.0,8626.37,9113.33,1055
2020,ME,23,305822.0,8298.44,8917.25,1056
2020,MI,26,2202632.0,9858.37,10388.38,1057
2020,MI,26,340197.0,10800.06,11251.09,1058
2020,MI,26,1862435.0,9650.67,10198.1,1059
2020,MN,27,1096014.0,9169.19,10107.04,1060
2020,MN,27,123526.0,10751.19,11791.93,1061
2020,MN,27,972488.0,8836.53,9752.74,1062
2020,MO,29,1308493.0,10331.35,10388.38,1063
2020,MO,29,208142.0,12172.47,12311.52,1064
2020,MO,29,1100351.0,9987.75,10029.48,1065
2020,MS,28,640263.0,11487.89,10980.31,1066
2020,MS,28,125255.0,13156.04,12659.7,1067
2020,MS,28,515008.0,11124.67,10614.64,1068
2020,MT,30,248868.0,7692.67,8223.97,1069
2020,MT,30,27707.0,9051.74,9630.81,1070
2020,MT,30,221161.0,7526.28,8051.73,1071
2020,NC,37,2130073.0,9482.3,9800.47,1072
2020,NC,37,317921.0,11591.6,12000.79,1073
2020,NC,37,1812152.0,9117.03,9419.45,1074
2020,ND,38,141287.0,8909.55,9333.38,1075
2020,ND,38,14899.0,10667.27,11001.17,1076
2020,ND,38,126388.0,8688.35,9123.5,1077
2020,NE,31,371073.0,9679.35,10111.62,1078
2020,NE,31,42531.0,11370.12,11556.71,1079
2020,NE,31,328542.0,9505.68,9963.19,1080
2020,NH,33,322075.0,8255.22,9215.86,1081
2020,NH,33,47537.0,8578.41,9567.86,1082
2020,NH,33,274538.0,8201.63,9157.5,1083
2020,NJ,34,1722289.0,10340.0,12262.19,1084
2020,NJ,34,193921.0,12244.04,14471.51,1085
2020,NJ,34,1528368.0,10101.08,11984.96,1086
2020,NM,35,451997.0,7929.34,8328.77,1087
2020,NM,35,64711.0,9938.17,10395.95,1088
2020,NM,35,387286.0,7607.9,7997.99,1089
2020,NV,32,575144.0,9949.53,11203.25,1090
2020,NV,32,65163.0,13920.48,15620.59,1091
2020,NV,32,509981.0,9431.74,10627.26,1092
2020,NY,36,3858571.0,10317.47,12759.99,1093
2020,NY,36,502453.0,11200.93,13584.82,1094
2020,NY,36,3356118.0,10169.97,12622.28,1095
2020,OH,39,2496986.0,9972.38,10151.53,1096
2020,OH,39,355947.0,10684.33,10838.65,1097
2020,OH,39,2141039.0,9862.74,10045.72,1098
2020,OK,40,790893.0,11436.45,11161.5,1099
2020,OK,40,127885.0,12839.51,12526.79,1100
2020,OK,40,663008.0,11192.8,10924.41,1101
2020,OR,41,924787.0,7471.53,8498.06,1102
2020,OR,41,106429.0,8839.89,9996.37,1103
2020,OR,41,818358.0,7244.44,8249.41,1104
2020,PA,42,2909434.0,9686.44,10416.89,1105
2020,PA,42,398127.0,11161.31,12127.76,1106
2020,PA,42,2511307.0,9456.03,10149.61,1107
2020,PR,72,776081.0,7192.28,6933.91,1108
2020,PR,72,149315.0,15834.63,14402.45,1109
2020,PR,72,626766.0,5785.2,5717.94,1110
2020,RI,44,235526.0,8962.99,9934.82,1111
2020,RI,44,35826.0,8653.22,9517.98,1112
2020,RI,44,199700.0,9014.18,10003.71,1113
2020,SC,45,1156883.0,9746.85,9749.09,1114
2020,SC,45,172518.0,12283.62,12142.95,1115
2020,SC,45,984365.0,9405.38,9426.86,1116
2020,SD,46,189041.0,8857.98,9240.89,1117
2020,SD,46,19212.0,11227.13,11674.49,1118
2020,SD,46,169829.0,8572.85,8948.01,1119
2020,TN,47,1451198.0,10130.35,9859.33,1120
2020,TN,47,242831.0,12038.19,11638.02,1121
2020,TN,47,1208367.0,9851.31,9599.18,1122
2020,TX,48,4503122.0,11520.44,11953.39,1123
2020,TX,48,581042.0,15604.85,16388.02,1124
2020,TX,48,3922080.0,10982.17,11368.96,1125
2020,Territory,,0.0,0.0,0.0,1126
2020,Territory,,0.0,0.0,0.0,1127
2020,Territory,,0.0,0.0,0.0,1128
2020,UT,49,434840.0,9072.01,9445.93,1129
2020,UT,49,49375.0,10515.32,10840.61,1130
2020,UT,49,385465.0,8897.52,9277.32,1131
2020,VA,51,1619586.0,8978.15,9328.56,1132
2020,VA,51,207842.0,11141.22,11478.2,1133
2020,VA,51,1411744.0,8731.81,9083.75,1134
2020,VI,,21034.0,4439.69,5129.51,1135
2020,VI,,1610.0,5798.72,6391.3,1136
2020,VI,,19424.0,4333.24,5030.67,1137
2020,VT,50,158120.0,7273.65,8607.41,1138
2020,VT,50,22071.0,8190.37,9689.05,1139
2020,VT,50,136049.0,7115.28,8420.55,1140
2020,WA,53,1462640.0,7751.77,8683.92,1141
2020,WA,53,171798.0,8873.57,9822.23,1142
2020,WA,53,1290842.0,7598.69,8528.59,1143
2020,WI,55,1257754.0,8657.05,9088.7,1144
2020,WI,55,161368.0,10041.72,10420.02,1145
2020,WI,55,1096386.0,8416.05,8856.99,1146
2020,WV,54,462580.0,9545.98,9478.73,1147
2020,WV,54,85579.0,9738.54,9572.03,1148
2020,WV,54,377001.0,9498.54,9455.75,1149
2020,WY,56,119587.0,8129.32,9218.14,1150
2020,WY,56,13394.0,9777.72,10945.61,1151
2020,WY,56,106193.0,7925.72,9004.77,1152
2020,ZZ,,0.0,0.0,0.0,1153
2020,ZZ,,0.0,0.0,0.0,1154
2020,ZZ,,0.0,0.0,0.0,1155
2021,AK,02,113653.0,8112.5,10714.6,1156
2021,AK,02,12372.0,10768.67,14110.08,1157
2021,AK,02,101281.0,7772.82,10280.37,1158
2021,AL,01,1124177.0,11427.51,10986.31,1159
2021,AL,01,213417.0,11176.77,10673.04,1160
2021,AL,01,910760.0,11478.32,11049.79,1161
2021,AR,05,684579.0,10720.79,10251.88,1162
2021,AR,05,131336.0,10770.67,10294.54,1163
2021,AR,05,553243.0,10712.27,10244.59,1164
2021,AZ,04,1466118.0,9967.13,10477.24,1165
2021,AZ,04,150259.0,11772.95,12394.07,1166
2021,AZ,04,1315859.0,9839.67,10341.94,1167
2021,CA,06,6815373.0,10689.12,13711.81,1168
2021,CA,06,632300.0,13290.26,17155.93,1169
2021,CA,06,6183073.0,10332.7,13239.87,1170
2021,CO,08,1006598.0,9470.02,10165.29,1171
2021,CO,08,93965.0,11461.78,12252.49,1172
2021,CO,08,912633.0,9237.96,9922.11,1173
2021,CT,09,735267.0,11579.81,13778.48,1174
2021,CT,09,79149.0,12616.97,14760.93,1175
2021,CT,09,656118.0,11425.03,13631.86,1176
2021,DC,11,98576.0,10985.66,13158.26,1177
2021,DC,11,13711.0,14787.81,18054.02,1178
2021,DC,11,84865.0,10301.14,12276.86,1179
2021,DE,10,233134.0,10702.76,11840.93,1180
2021,DE,10,26439.0,13184.72,14614.41,1181
2021,DE,10,206695.0,10438.8,11545.98,1182
2021,FL,12,5028324.0,12186.1,12510.7,1183
2021,FL,12,538027.0,14076.33,14551.7,1184
2021,FL,12,4490297.0,12001.98,12311.9,1185
2021,GA,13,1901313.0,10872.23,11109.61,1186
2021,GA,13,279676.0,13047.54,13248.68,1187
2021,GA,13,1621637.0,10547.94,10790.73,1188
2021,HI,15,301256.0,7312.62,8915.63,1189
2021,HI,15,21759.0,12446.63,15028.81,1190
2021,HI,15,279497.0,6900.97,8425.46,1191
2021,IA,19,677843.0,9793.28,10033.74,1192
2021,IA,19,77424.0,10986.03,11067.14,1193
2021,IA,19,600419.0,9666.33,9923.75,1194
2021,ID,16,378138.0,8900.75,9255.49,1195
2021,ID,16,44314.0,9921.96,10182.36,1196
2021,ID,16,333824.0,8766.94,9134.05,1197
2021,IL,17,2397725.0,11126.28,11930.98,1198
2021,IL,17,275343.0,13481.11,14491.93,1199
2021,IL,17,2122382.0,10853.02,11633.8,1200
2021,IN,18,1365484.0,10930.91,11184.66,1201
2021,IN,18,197297.0,12022.43,12286.8,1202
2021,IN,18,1168187.0,10769.58,11021.77,1203
2021,KS,20,583419.0,11037.12,10966.2,1204
2021,KS,20,70068.0,12607.14,12351.04,1205
2021,KS,20,513351.0,10856.91,10807.25,1206
2021,KY,21,998267.0,10676.23,10508.03,1207
2021,KY,21,189253.0,10226.17,10063.36,1208
2021,KY,21,809014.0,10770.76,10601.42,1209
2021,LA,22,939423.0,12477.39,12004.24,1210
2021,LA,22,160240.0,13777.01,13390.22,1211
2021,LA,22,779183.0,12234.68,11745.41,1212
2021,MA,25,1436010.0,10572.37,12802.18,1213
2021,MA,25,192897.0,10962.52,13226.61,1214
2021,MA,25,1243113.0,10504.61,12728.46,1215
2021,MD,24,1127238.0,10705.66,13229.81,1216
2021,MD,24,125577.0,13800.44,17693.92,1217
2021,MD,24,1001661.0,10291.4,12632.26,1218
2021,ME,23,371875.0,9135.17,9857.69,1219
2021,ME,23,55289.0,9332.82,9936.87,1220
2021,ME,23,316586.0,9090.45,9839.78,1221
2021,MI,26,2231630.0,10731.53,11320.77,1222
2021,MI,26,328229.0,11661.27,12149.89,1223
2021,MI,26,1903401.0,10543.56,11153.14,1224
2021,MN,27,1117981.0,10201.53,11231.69,1225
2021,MN,27,120654.0,11585.72,12684.96,1226
2021,MN,27,997327.0,9915.91,10931.83,1227
2021,MO,29,1325405.0,10873.46,10930.0,1228
2021,MO,29,201574.0,12445.54,12560.51,1229
2021,MO,29,1123831.0,10610.46,10657.22,1230
2021,MS,28,646117.0,12024.89,11536.21,1231
2021,MS,28,121191.0,13305.97,12843.8,1232
2021,MS,28,524926.0,11778.43,11284.65,1233
2021,MT,30,255443.0,8420.55,9023.95,1234
2021,MT,30,27102.0,9763.24,10373.96,1235
2021,MT,30,228341.0,8269.18,8871.75,1236
2021,NC,37,2177549.0,10010.57,10408.29,1237
2021,NC,37,308811.0,11604.33,12067.18,1238
2021,NC,37,1868738.0,9765.71,10153.42,1239
2021,ND,38,143798.0,9720.09,10186.39,1240
2021,ND,38,14711.0,11374.7,11745.73,1241
2021,ND,38,129087.0,9521.29,9999.04,1242
2021,NE,31,377514.0,10470.18,10984.07,1243
2021,NE,31,41748.0,11234.17,11535.84,1244
2021,NE,31,335766.0,10397.19,10931.35,1245
2021,NH,33,331299.0,9130.02,10269.39,1246
2021,NH,33,46453.0,9378.72,10520.33,1247
2021,NH,33,284846.0,9092.43,10231.46,1248
2021,NJ,34,1736749.0,11562.18,13781.69,1249
2021,NJ,34,185569.0,13063.11,15493.48,1250
2021,NJ,34,1551180.0,11389.71,13584.98,1251
2021,NM,35,459399.0,8702.96,9167.31,1252
2021,NM,35,62307.0,10970.99,11519.12,1253
2021,NM,35,397092.0,8370.83,8822.91,1254
2021,NV,32,589033.0,10627.14,12027.69,1255
2021,NV,32,63082.0,14284.73,16163.2,1256
2021,NV,32,525951.0,10190.92,11534.47,1257
2021,NY,36,3880506.0,11532.82,14372.74,1258
2021,NY,36,484036.0,12162.78,14843.04,1259
2021,NY,36,3396470.0,11436.34,14300.71,1260
2021,OH,39,2526943.0,10663.14,10940.22,1261
2021,OH,39,344764.0,10942.14,11123.7,1262
2021,OH,39,2182179.0,10624.92,10915.09,1263
2021,OK,40,803114.0,12055.06,11818.07,1264
2021,OK,40,125300.0,13245.65,13050.5,1265
2021,OK,40,677814.0,11865.01,11621.34,1266
2021,OR,41,941383.0,8031.38,9163.46,1267
2021,OR,41,102951.0,9229.18,10461.49,1268
2021,OR,41,838432.0,7847.23,8963.91,1269
2021,PA,42,2940835.0,10549.44,11388.89,1270
2021,PA,42,384731.0,11770.44,12801.66,1271
2021,PA,42,2556104.0,10379.67,11192.46,1272
2021,PR,72,780991.0,6345.44,6243.7,1273
2021,PR,72,143419.0,10168.18,9385.22,1274
2021,PR,72,637572.0,5840.73,5828.94,1275
2021,RI,44,238846.0,9926.83,11010.51,1276
2021,RI,44,34706.0,8989.62,9865.12,1277
2021,RI,44,204140.0,10064.45,11178.7,1278
2021,SC,45,1187968.0,10308.99,10428.11,1279
2021,SC,45,168260.0,12031.56,12015.81,1280
2021,SC,45,1019708.0,10109.27,10244.03,1281
2021,SD,46,193275.0,9788.25,10339.42,1282
2021,SD,46,18831.0,12252.67,12936.56,1283
2021,SD,46,174444.0,9509.94,10046.11,1284
2021,TN,47,1476568.0,10533.4,10296.31,1285
2021,TN,47,235491.0,11775.91,11404.05,1286
2021,TN,47,1241077.0,10371.78,10152.22,1287
2021,TX,48,4616811.0,12073.51,12616.83,1288
2021,TX,48,565671.0,15099.25,15931.95,1289
2021,TX,48,4051140.0,11717.22,12226.47,1290
2021,Territory,,0.0,0.0,0.0,1291
2021,Territory,,0.0,0.0,0.0,1292
2021,Territory,,0.0,0.0,0.0,1293
2021,UT,49,448080.0,9915.34,10438.66,1294
2021,UT,49,48540.0,10814.13,11246.5,1295
2021,UT,49,399540.0,9815.58,10349.0,1296
2021,VA,51,1652019.0,9700.23,10175.71,1297
2021,VA,51,202239.0,11147.65,11540.11,1298
2021,VA,51,1449780.0,9558.22,10041.85,1299
2021,VI,,21203.0,4822.4,5646.86,1300
2021,VI,,1545.0,5958.05,6845.2,1301
2021,VI,,19658.0,4697.92,5515.5,1302
2021,VT,50,161905.0,8137.22,9773.23,1303
2021,VT,50,21481.0,8835.94,10603.97,1304
2021,VT,50,140424.0,8023.49,9638.01,1305
2021,WA,53,1496825.0,8401.62,9509.03,1306
2021,WA,53,165397.0,9265.42,10312.4,1307
2021,WA,53,1331428.0,8293.92,9408.87,1308
2021,WI,55,1283246.0,9455.82,9992.65,1309
2021,WI,55,157679.0,10741.02,11206.37,1310
2021,WI,55,1125567.0,9246.36,9794.85,1311
2021,WV,54,465473.0,10266.35,10293.0,1312
2021,WV,54,82294.0,10120.78,9974.03,1313
2021,WV,54,383179.0,10298.56,10363.57,1314
2021,WY,56,123322.0,9021.07,10283.13,1315
2021,WY,56,13158.0,10966.31,12351.07,1316
2021,WY,56,110164.0,8792.96,10040.65,1317
2021,ZZ,,0.0,0.0,0.0,1318
2021,ZZ,,0.0,0.0,0.0,1319
2021,ZZ,,0.0,0.0,0.0,1320
2022,AK,02,117023.0,8390.88,10833.2,1321
2022,AK,02,11950.0,11411.63,14715.06,1322
2022,AK,02,105073.0,8027.5,10366.24,1323
2022,AL,01,1136151.0,11882.97,11300.4,1324
2022,AL,01,204959.0,11101.1,10492.13,1325
2022,AL,01,931192.0,12023.77,11445.95,1326
2022,AR,05,691982.0,11292.84,10705.38,1327
2022,AR,05,127091.0,10831.06,10242.4,1328
2022,AR,05,564891.0,11362.34,10775.06,1329
2022,AZ,04,1494975.0,10331.79,10823.71,1330
2022,AZ,04,143893.0,11883.57,12402.35,1331
2022,AZ,04,1351082.0,10233.56,10723.78,1332
2022,CA,06,6936781.0,11354.83,14511.77,1333
2022,CA,06,598630.0,13987.2,17984.94,1334
2022,CA,06,6338151.0,11020.39,14070.5,1335
2022,CO,08,1030117.0,9808.51,10409.66,1336
2022,CO,08,89362.0,11379.41,12131.94,1337
2022,CO,08,940755.0,9648.78,10234.53,1338
2022,CT,09,740388.0,12020.39,14241.64,1339
2022,CT,09,75124.0,12598.22,14704.72,1340
2022,CT,09,665264.0,11941.72,14178.59,1341
2022,DC,11,98990.0,11131.51,13753.56,1342
2022,DC,11,13030.0,14289.45,18039.83,1343
2022,DC,11,85960.0,10596.49,13027.38,1344
2022,DE,10,240663.0,10904.4,12068.92,1345
2022,DE,10,25471.0,13328.66,14743.27,1346
2022,DE,10,215192.0,10673.87,11814.61,1347
2022,FL,12,5144675.0,12657.25,12860.11,1348
2022,FL,12,518350.0,14186.21,14524.42,1349
2022,FL,12,4626325.0,12522.73,12713.67,1350
2022,GA,13,1941856.0,11128.87,11341.91,1351
2022,GA,13,270742.0,12725.88,12851.03,1352
2022,GA,13,1671114.0,10918.94,11143.53,1353
2022,HI,15,308028.0,7650.67,9350.43,1354
2022,HI,15,21075.0,12459.2,15054.34,1355
2022,HI,15,286953.0,7307.65,8943.55,1356
2022,IA,19,690478.0,10038.6,10178.28,1357
2022,IA,19,75926.0,10728.88,10690.4,1358
2022,IA,19,614552.0,9971.61,10128.59,1359
2022,ID,16,388276.0,9213.02,9442.81,1360
2022,ID,16,42823.0,9777.17,9901.69,1361
2022,ID,16,345453.0,9145.86,9388.18,1362
2022,IL,17,2432605.0,11536.34,12314.04,1363
2022,IL,17,264761.0,13714.6,14721.41,1364
2022,IL,17,2167844.0,11301.29,12054.26,1365
2022,IN,18,1387971.0,11241.34,11382.19,1366
2022,IN,18,191370.0,12047.77,12115.81,1367
2022,IN,18,1196601.0,11133.29,11283.9,1368
2022,KS,20,594516.0,11281.19,11163.17,1369
2022,KS,20,68009.0,12648.6,12351.35,1370
2022,KS,20,526507.0,11141.33,11041.65,1371
2022,KY,21,1008082.0,11065.74,10879.36,1372
2022,KY,21,181579.0,10134.52,9952.34,1373
2022,KY,21,826503.0,11236.95,11049.79,1374
2022,LA,22,951359.0,13055.28,12486.33,1375
2022,LA,22,154649.0,14205.56,13694.53,1376
2022,LA,22,796710.0,12867.92,12289.53,1377
2022,MA,25,1463551.0,10916.1,13090.3,1378
2022,MA,25,185168.0,11085.88,13296.47,1379
2022,MA,25,1278383.0,10890.1,13058.73,1380
2022,MD,24,1149670.0,11130.01,13758.56,1381
2022,MD,24,120756.0,13856.34,17799.6,1382
2022,MD,24,1028914.0,10797.62,13265.89,1383
2022,ME,23,379853.0,9447.5,10076.69,1384
2022,ME,23,53507.0,9549.04,10123.07,1385
2022,ME,23,326346.0,9426.39,10067.05,1386
2022,MI,26,2265749.0,10907.74,11356.16,1387
2022,MI,26,316391.0,11457.39,11767.35,1388
2022,MI,26,1949358.0,10808.34,11281.8,1389
2022,MN,27,1144584.0,10431.29,11378.74,1390
2022,MN,27,117856.0,11669.95,12684.78,1391
2022,MN,27,1026728.0,10186.2,11120.32,1392
2022,MO,29,1345931.0,11140.2,11155.94,1393
2022,MO,29,194907.0,12546.16,12632.47,1394
2022,MO,29,1151024.0,10932.28,10937.59,1395
2022,MS,28,653073.0,12590.89,11978.22,1396
2022,MS,28,116806.0,13759.99,13176.54,1397
2022,MS,28,536267.0,12395.63,11778.08,1398
2022,MT,30,261373.0,8554.16,9027.17,1399
2022,MT,30,25919.0,9676.59,10154.61,1400
2022,MT,30,235454.0,8440.01,8912.51,1401
2022,NC,37,2224649.0,10159.19,10489.59,1402
2022,NC,37,298578.0,11178.34,11516.39,1403
2022,NC,37,1926071.0,10022.31,10351.68,1404
2022,ND,38,147448.0,9931.98,10392.04,1405
2022,ND,38,14486.0,10977.5,11246.33,1406
2022,ND,38,132962.0,9813.62,10295.33,1407
2022,NE,31,385640.0,10822.21,11166.18,1408
2022,NE,31,41001.0,11161.43,11356.57,1409
2022,NE,31,344639.0,10793.41,11150.02,1410
2022,NH,33,341111.0,9403.34,10519.89,1411
2022,NH,33,45058.0,9439.9,10506.12,1412
2022,NH,33,296053.0,9398.33,10521.78,1413
2022,NJ,34,1768761.0,12049.7,14162.99,1414
2022,NJ,34,178006.0,13416.02,15775.02,1415
2022,NJ,34,1590755.0,11906.9,13994.51,1416
2022,NM,35,466984.0,9153.59,9594.89,1417
2022,NM,35,59595.0,11370.98,11891.5,1418
2022,NM,35,407389.0,8870.12,9301.29,1419
2022,NV,32,601698.0,11216.06,12544.73,1420
2022,NV,32,60569.0,14635.11,16372.82,1421
2022,NV,32,541129.0,10842.04,12125.96,1422
2022,NY,36,3936225.0,12143.9,15007.92,1423
2022,NY,36,466635.0,12429.02,15064.28,1424
2022,NY,36,3469590.0,12104.01,15000.03,1425
2022,OH,39,2563352.0,10792.07,11024.73,1426
2022,OH,39,332846.0,10745.02,10918.4,1427
2022,OH,39,2230506.0,10797.89,11037.88,1428
2022,OK,40,815624.0,12481.21,12104.63,1429
2022,OK,40,121970.0,13800.77,13344.36,1430
2022,OK,40,693654.0,12293.54,11928.31,1431
2022,OR,41,955849.0,8377.18,9573.37,1432
2022,OR,41,99204.0,9375.15,10646.17,1433
2022,OR,41,856645.0,8236.25,9421.88,1434
2022,PA,42,2981655.0,10774.65,11642.84,1435
2022,PA,42,369569.0,11813.89,12914.78,1436
2022,PA,42,2612086.0,10646.33,11485.78,1437
2022,PR,72,788106.0,6261.08,6151.01,1438
2022,PR,72,137341.0,8949.28,8421.32,1439
2022,PR,72,650765.0,5945.3,5884.32,1440
2022,RI,44,243636.0,10141.91,11334.85,1441
2022,RI,44,33597.0,8859.64,9667.44,1442
2022,RI,44,210039.0,10306.05,11548.28,1443
2022,SC,45,1218835.0,10726.27,10766.52,1444
2022,SC,45,162932.0,11809.79,11677.83,1445
2022,SC,45,1055903.0,10616.86,10674.5,1446
2022,SD,46,198253.0,9991.77,10444.74,1447
2022,SD,46,18428.0,12058.95,12635.39,1448
2022,SD,46,179825.0,9773.14,10213.04,1449
2022,TN,47,1498118.0,10905.48,10604.23,1450
2022,TN,47,226032.0,11662.3,11205.64,1451
2022,TN,47,1272086.0,10819.65,10536.03,1452
2022,TX,48,4736999.0,12522.07,12921.76,1453
2022,TX,48,546326.0,14965.83,15598.96,1454
2022,TX,48,4190673.0,12268.39,12643.85,1455
2022,Territory,,0.0,0.0,0.0,1456
2022,Territory,,0.0,0.0,0.0,1457
2022,Territory,,0.0,0.0,0.0,1458
2022,UT,49,460425.0,10314.68,10795.57,1459
2022,UT,49,47250.0,10928.53,11276.89,1460
2022,UT,49,413175.0,10252.74,10747.01,1461
2022,VA,51,1686075.0,10038.02,10494.0,1462
2022,VA,51,195662.0,11028.83,11387.06,1463
2022,VA,51,1490413.0,9953.3,10417.64,1464
2022,VI,,21367.0,5301.26,6226.87,1465
2022,VI,,1450.0,7626.31,9241.18,1466
2022,VI,,19917.0,5075.8,5934.57,1467
2022,VT,50,165721.0,8567.43,10228.34,1468
2022,VT,50,20860.0,9284.11,10924.09,1469
2022,VT,50,144861.0,8451.71,10116.0,1470
2022,WA,53,1525506.0,8756.02,9866.73,1471
2022,WA,53,157616.0,9259.7,10297.11,1472
2022,WA,53,1367890.0,8699.54,9818.47,1473
2022,WI,55,1312254.0,9699.93,10205.24,1474
2022,WI,55,152574.0,10730.71,11142.79,1475
2022,WI,55,1159680.0,9544.83,10064.17,1476
2022,WV,54,466247.0,10649.39,10587.76,1477
2022,WV,54,78349.0,10152.47,9905.73,1478
2022,WV,54,387898.0,10747.86,10722.9,1479
2022,WY,56,126529.0,9032.07,10048.01,1480
2022,WY,56,12789.0,10585.37,11743.57,1481
2022,WY,56,113740.0,8865.67,9866.37,1482
2022,ZZ,,0.0,0.0,0.0,1483
2022,ZZ,,0.0,0.0,0.0,1484
2022,ZZ,,0.0,0.0,0.0,1485
2023,AK,02,120280.0,9081.88,11429.16,1486
2023,AK,02,11464.0,12375.43,15709.69,1487
2023,AK,02,108816.0,8716.94,10954.86,1488
2023,AL,01,1151244.0,12787.15,12013.57,1489
2023,AL,01,197390.0,11425.72,10601.39,1490
2023,AL,01,953854.0,13002.17,12236.61,1491
2023,AR,05,699823.0,12119.84,11481.67,1492
2023,AR,05,123190.0,11296.4,10649.04,1493
2023,AR,05,576633.0,12231.44,11594.52,1494
2023,AZ,04,1528056.0,11789.65,12341.14,1495
2023,AZ,04,138451.0,12796.9,13381.43,1496
2023,AZ,04,1389605.0,11731.56,12281.15,1497
2023,CA,06,7080940.0,12124.53,15432.6,1498
2023,CA,06,568921.0,14946.38,19158.69,1499
2023,CA,06,6512019.0,11790.59,14991.66,1500
2023,CO,08,1055744.0,10671.45,11252.17,1501
2023,CO,08,85365.0,12455.27,13157.34,1502
2023,CO,08,970379.0,10512.69,11082.61,1503
2023,CT,09,757873.0,12479.9,14779.78,1504
2023,CT,09,72858.0,12767.53,14961.44,1505
2023,CT,09,685015.0,12444.17,14757.22,1506
2023,DC,11,99522.0,11651.62,14030.98,1507
2023,DC,11,12411.0,15012.36,18596.88,1508
2023,DC,11,87111.0,11129.9,13322.16,1509
2023,DE,10,248282.0,11811.22,12836.35,1510
2023,DE,10,24515.0,13854.88,14939.22,1511
2023,DE,10,223767.0,11638.64,12658.78,1512
2023,FL,12,5250841.0,13686.37,13780.24,1513
2023,FL,12,495990.0,14697.85,14916.95,1514
2023,FL,12,4754851.0,13607.37,13691.45,1515
2023,GA,13,1986659.0,11788.11,11916.26,1516
2023,GA,13,260673.0,13054.71,13122.19,1517
2023,GA,13,1725986.0,11643.52,11778.59,1518
2023,HI,15,313961.0,8202.8,10041.99,1519
2023,HI,15,20305.0,11792.65,14257.88,1520
2023,HI,15,293656.0,7975.8,9775.4,1521
2023,IA,19,703006.0,10706.99,10677.49,1522
2023,IA,19,74251.0,10834.29,10596.34,1523
2023,IA,19,628755.0,10696.61,10684.1,1524
2023,ID,16,399056.0,9989.49,10165.5,1525
2023,ID,16,41654.0,9949.05,9967.71,1526
2023,ID,16,357402.0,9993.78,10186.47,1527
2023,IL,17,2469323.0,12443.81,13143.56,1528
2023,IL,17,254074.0,14326.72,15252.22,1529
2023,IL,17,2215249.0,12258.25,12935.75,1530
2023,IN,18,1412597.0,12043.14,12019.98,1531
2023,IN,18,185817.0,12290.34,12142.7,1532
2023,IN,18,1226780.0,12013.62,12005.33,1533
2023,KS,20,604506.0,12390.06,12197.75,1534
2023,KS,20,65715.0,12977.04,12662.17,1535
2023,KS,20,538791.0,12337.18,12155.91,1536
2023,KY,21,1019526.0,11852.83,11556.11,1537
2023,KY,21,174986.0,10561.18,10271.06,1538
2023,KY,21,844540.0,12056.01,11758.25,1539
2023,LA,22,966338.0,13805.14,13138.85,1540
2023,LA,22,148960.0,14760.36,14096.47,1541
2023,LA,22,817378.0,13677.4,13010.79,1542
2023,MA,25,1491384.0,11728.55,13851.53,1543
2023,MA,25,176496.0,11546.87,13602.74,1544
2023,MA,25,1314888.0,11751.53,13882.99,1545
2023,MD,24,1174516.0,11851.81,14277.64,1546
2023,MD,24,115870.0,14187.7,17975.0,1547
2023,MD,24,1058646.0,11594.32,13870.07,1548
2023,ME,23,387113.0,9841.2,10432.03,1549
2023,ME,23,51553.0,9539.97,9965.19,1550
2023,ME,23,335560.0,9898.07,10520.16,1551
2023,MI,26,2305486.0,11779.79,12071.35,1552
2023,MI,26,305057.0,11870.67,11991.51,1553
2023,MI,26,2000429.0,11764.95,12084.39,1554
2023,MN,27,1172156.0,11171.58,11990.3,1555
2023,MN,27,114664.0,12461.74,13339.56,1556
2023,MN,27,1057492.0,10930.89,11738.58,1557
2023,MO,29,1367107.0,11954.26,11886.82,1558
2023,MO,29,188688.0,12981.82,12993.35,1559
2023,MO,29,1178419.0,11818.89,11741.05,1560
2023,MS,28,660913.0,13473.86,12679.32,1561
2023,MS,28,112808.0,14145.77,13370.27,1562
2023,MS,28,548105.0,13378.66,12581.42,1563
2023,MT,30,267343.0,9197.82,9612.1,1564
2023,MT,30,24849.0,10057.37,10529.87,1565
2023,MT,30,242494.0,9119.41,9528.39,1566
2023,NC,37,2273250.0,10890.51,11108.95,1567
2023,NC,37,288993.0,11075.03,11277.46,1568
2023,NC,37,1984257.0,10868.94,11089.25,1569
2023,ND,38,150975.0,10602.41,11011.15,1570
2023,ND,38,14220.0,11045.22,11276.26,1571
2023,ND,38,136755.0,10556.33,10983.57,1572
2023,NE,31,393267.0,11555.9,11835.85,1573
2023,NE,31,40029.0,11804.03,11906.35,1574
2023,NE,31,353238.0,11537.27,11830.56,1575
2023,NH,33,350662.0,10026.44,11066.17,1576
2023,NH,33,43398.0,9851.74,10787.91,1577
2023,NH,33,307264.0,10047.9,11100.35,1578
2023,NJ,34,1805401.0,12836.62,14809.34,1579
2023,NJ,34,170747.0,14169.58,16369.64,1580
2023,NJ,34,1634654.0,12710.34,14661.53,1581
2023,NM,35,474322.0,9792.86,10183.52,1582
2023,NM,35,57151.0,11301.38,11736.54,1583
2023,NM,35,417171.0,9622.8,10008.44,1584
2023,NV,32,614468.0,12324.87,13620.57,1585
2023,NV,32,57798.0,15885.63,17621.35,1586
2023,NV,32,556670.0,11976.05,13228.64,1587
2023,NY,36,4003915.0,12605.94,15552.5,1588
2023,NY,36,449727.0,12605.67,15325.55,1589
2023,NY,36,3554188.0,12605.98,15581.31,1590
2023,OH,39,2604737.0,11455.51,11568.54,1591
2023,OH,39,322059.0,10887.44,10891.42,1592
2023,OH,39,2282678.0,11518.31,11643.39,1593
2023,OK,40,828700.0,13689.69,13166.88,1594
2023,OK,40,118845.0,14895.98,14335.2,1595
2023,OK,40,709855.0,13538.16,13020.12,1596
2023,OR,41,969192.0,9018.73,10207.78,1597
2023,OR,41,95944.0,9757.46,11031.78,1598
2023,OR,41,873248.0,8922.34,10100.26,1599
2023,PA,42,3027857.0,11692.86,12411.81,1600
2023,PA,42,355260.0,12463.31,13357.09,1601
2023,PA,42,2672597.0,11610.94,12311.31,1602
2023,PR,72,792881.0,6359.42,6193.44,1603
2023,PR,72,131514.0,8053.42,7442.52,1604
2023,PR,72,661367.0,6182.67,6063.11,1605
2023,RI,44,248622.0,11224.29,12470.47,1606
2023,RI,44,32251.0,9208.02,9940.78,1607
2023,RI,44,216371.0,11444.06,12746.21,1608
2023,SC,45,1249321.0,11477.82,11426.32,1609
2023,SC,45,157846.0,12242.56,12060.01,1610
2023,SC,45,1091475.0,11410.62,11370.63,1611
2023,SD,46,202604.0,10700.05,11062.46,1612
2023,SD,46,17979.0,12258.83,12659.76,1613
2023,SD,46,184625.0,10550.73,10909.44,1614
2023,TN,47,1522963.0,11776.76,11332.64,1615
2023,TN,47,218599.0,11945.91,11372.84,1616
2023,TN,47,1304364.0,11759.55,11328.55,1617
2023,TX,48,4860770.0,13287.86,13585.32,1618
2023,TX,48,526633.0,15197.56,15682.75,1619
2023,TX,48,4334137.0,13111.64,13391.77,1620
2023,Territory,,0.0,0.0,0.0,1621
2023,Territory,,0.0,0.0,0.0,1622
2023,Territory,,0.0,0.0,0.0,1623
2023,UT,49,472847.0,11400.18,11705.58,1624
2023,UT,49,46031.0,11297.52,11485.58,1625
2023,UT,49,426816.0,11409.54,11725.63,1626
2023,VA,51,1722838.0,10773.64,11137.54,1627
2023,VA,51,189837.0,11294.01,11507.87,1628
2023,VA,51,1533001.0,10734.76,11109.87,1629
2023,VI,,21608.0,5935.1,6673.96,1630
2023,VI,,1389.0,7266.56,7798.3,1631
2023,VI,,20219.0,5815.61,6573.05,1632
2023,VT,50,169047.0,9314.45,11116.15,1633
2023,VT,50,20154.0,9844.8,11539.3,1634
2023,VT,50,148893.0,9233.49,11051.55,1635
2023,WA,53,1555950.0,9433.18,10461.81,1636
2023,WA,53,150682.0,9564.26,10476.49,1637
2023,WA,53,1405268.0,9420.29,10460.36,1638
2023,WI,55,1341157.0,10415.44,10795.85,1639
2023,WI,55,147687.0,10933.02,11181.05,1640
2023,WI,55,1193470.0,10345.73,10743.97,1641
2023,WV,54,468728.0,11334.02,11150.46,1642
2023,WV,54,75233.0,10350.15,9922.82,1643
2023,WV,54,393495.0,11506.9,11366.18,1644
2023,WY,56,129740.0,9761.15,10716.55,1645
2023,WY,56,12427.0,10646.22,11559.9,1646
2023,WY,56,117313.0,9678.63,10637.91,1647
2023,ZZ,,0.0,0.0,0.0,1648
2023,ZZ,,0.0,0.0,0.0,1649
2023,ZZ,,0.0,0.0,0.0,1650